year,area,loi
2018,2.86843701070223,PARQUE NACIONAL DO JAMANXIM
2018,0,FLORESTA NACIONAL DE SARACÁ-TAQUERA
2018,0.13863849815676682,FLORESTA NACIONAL DE ITAITUBA I
2018,2.4353226191039576,RESERVA EXTRATIVISTA ANGELIM
2018,0.6600135055560987,FLORESTA NACIONAL DE PURUS
2018,0,FLORESTA ESTADUAL DE RENDIMENTO SUSTENTADO PERIQUITO
2018,0.12149445716315507,FLORESTA ESTADUAL DE TAPAUÁ
2018,0.01033963052622322,RESERVA EXTRATIVISTA MAE GRANDE DE CURUÇA
2018,0.08838569473315402,FLORESTA ESTADUAL DE RENDIMENTO SUSTENTADO GAVIÃO
2018,0.06849598932405561,ÁREA DE PROTEÇÃO AMBIENTAL DE ALTER DO CHÃO
2018,0.021139611240506173,FLORESTA NACIONAL DE JACUNDÁ
2018,0.08389512628717499,RESERVA EXTRATIVISTA MARINHA DE GURUPI-PIRIÁ
2018,333.621257915763,ÁREA DE PROTEÇÃO AMBIENTAL TRIUNFO DO XINGU
2018,0.16415846330118342,FLORESTA NACIONAL DE MAPIÁ-INAUINÍ
2018,0.08699988837621547,PARQUE NACIONAL DO JURUENA
2018,0,RESERVA EXTRATIVISTA MARINHA MESTRE LUCINDO
2018,1.4024823783145577,PARQUE NACIONAL DO RIO NOVO
2018,3.98828551373446,RESERVA BIOLÓGICA NASCENTES SERRA DO CACHIMBO
2018,72.9349151679398,FLORESTA NACIONAL DO JAMANXIM
2018,4.071168491817083,RESERVA EXTRATIVISTA DO CAZUMBÁ-IRACEMA
2018,0.07010118667716533,FLORESTA NACIONAL DO TRAIRÃO
2018,0.35705885634160417,FLORESTA NACIONAL DE ITACAIUNAS
2018,10.50690684681801,"FLORESTA ESTADUAL DE RENDIMENTO SUSTENTADO DO RIO MADEIRA ""B"""
2018,15.211447389819948,PARQUE ESTADUAL DE GUAJARÁ-MIRIM
2018,22.773127142560302,RESERVA EXTRATIVISTA CHICO MENDES
2018,0.14473763084231533,FLORESTA ESTADUAL DE RENDIMENTO SUSTENTADO ARARAS
2018,0.11418923942002503,RESERVA EXTRATIVISTA DO GUARIBA
2018,1.0087859561074897,RESERVA EXTRATIVISTA IPÊ
2018,4.461881758082215,FLORESTA ESTADUAL DO PARU
2018,0.7708707313695398,FLORESTA NACIONAL DE CAXIUANÃ
2018,0.08054044124045873,RESERVA EXTRATIVISTA TAPAJÓS ARAPIUNS
2018,0.48705809181583076,RESERVA EXTRATIVISTA ARIÓCA PRUANÃ
2018,0.18611626862492175,ÁREA DE PROTEçãO AMBIENTAL DAS REENTRâNCIAS MARANHENSES
2018,0.3090945798582748,RESERVA EXTRATIVISTA ITUXí
2018,0.064827776269786,RESERVA EXTRATIVISTA MATA GRANDE
2018,0.1377745662825223,RESERVA DE DESENVOLVIMENTO SUSTENTÁVEL PUCURUÍ - ARARÃO
2018,0.6257327562636524,FLORESTA NACIONAL DE CARAJÁS
2018,0.010894996756017208,PARQUE ESTADUAL SERRA DOS REIS
2018,0,RESERVA EXTRATIVISTA RIO CAUTÁRIO
2018,0.8999414828325487,RESERVA EXTRATIVISTA DO MéDIO PURúS
2018,0.48724059183909374,FLORESTA NACIONAL DO JAMARI
2018,0.6024359548276744,RESERVA EXTRATIVISTA MARACATIARA
2018,0.28456123337624395,PARQUE NACIONAL DA AMAZÔNIA
2018,3.1534757145370476,RESERVA EXTRATIVISTA RIOZINHO DO ANFRÍSIO
2018,0.497817909122381,RESERVA EXTRATIVISTA AQUARIQUARA
2018,1.5819837671379622,FLORESTA NACIONAL DE TAPIRAPÉ-AQUIRI
2018,0.6144889976825356,FLORESTA NACIONAL DO IQUIRI
2018,3.68353180285094,FLORESTA ESTADUAL DE RENDIMENTO SUSTENTADO MUTUM
2018,0.14051307572727612,RESERVA DE DESENVOLVIMENTO SUSTENTÁVEL DO JUMA
2018,0.11191814708247129,ÁREA DE PROTEÇÃO AMBIENTAL DOS CAMPOS DE MANICORÉ
2018,1.0470349061927093,RESERVA EXTRATIVISTA ALTO TARAUACÁ
2018,0.4607508146905142,ÁREA DE PROTEÇÃO AMBIENTAL PAYTUNA
2018,1.5524922404650714,FLORESTA NACIONAL DE URUPADI
2018,3.7609926050692484,RESERVA BIOLÓGICA DO GURUPI
2018,0.08097986249978793,RESERVA DE DESENVOLVIMENTO SUSTENTÁVEL ALCOBAÇA
2018,4.195784257320564,FLORESTA NACIONAL DO AMANÁ
2018,7.538112845651084,RESERVA EXTRATIVISTA GUARIBA-ROOSEVELT
2018,0.0822725692172572,ÁREA DE PROTEÇÃO AMBIENTAL LAGO DO AMAPÁ
2018,17.46819881923013,ÁREA DE PROTEÇÃO AMBIENTAL DO LAGO DE TUCURUI
2018,2.0803201692998576,FLORESTA NACIONAL DO ARIPUANÃ
2018,1.8918786624485726,ÁREA DE PROTEÇÃO AMBIENTAL IGARAPÉ SÃO FRANCISCO
2018,0.2147550403907192,PARQUE ESTADUAL DE CORUMBIARA
2018,0.48302599843239374,ÁREA DE PROTEÇÃO AMBIENTAL DO ARQUIPÉLAGO DO MARAJÓ
2018,0.07521760871463734,RESERVA EXTRATIVISTA MASSARANDUBA
2018,0.17988873133522273,PARQUE NACIONAL MAPINGUARI
2018,0.23338183043541866,RESERVA EXTRATIVISTA IPAÚ-ANILZINHO
2018,1.7203801095960267,FLORESTA NACIONAL DE BOM FUTURO
2018,2.767031468366711,RESERVA EXTRATIVISTA VERDE PARA SEMPRE
2018,0.07307628308848478,PARQUE NACIONAL DO ACARI
2018,12.852776350370718,ESTAÇÃO ECOLÓGICA DA TERRA DO MEIO
2018,0.3702489440763593,PARQUE NACIONAL DOS CAMPOS AMAZÔNICOS
2018,0.06983311241348657,PARQUE ESTADUAL DE MONTE ALEGRE
2018,15.003346394829816,FLORESTA NACIONAL DE ITAITUBA II
2018,9.589523656780562,FLORESTA NACIONAL ALTAMIRA
2018,3.1955077990179275,RESERVA EXTRATIVISTA ARAPIXI
2018,0.11552233306952919,RESERVA DE DESENVOLVIMENTO SUSTENTÁVEL DO UATUMÃ
2018,0.26809332544623315,PARQUE NACIONAL DOS CAMPOS FERRUGINOSOS
2018,0.5606484281402743,PARQUE NACIONAL DA SERRA DO PARDO
2018,0.13467974783540518,FLORESTA ESTADUAL DE RENDIMENTO SUSTENTADO TUCANO
2018,0.9405732146270214,RESERVA EXTRATIVISTA RENASCER
2018,91.40395269920977,RESERVA EXTRATIVISTA JACI-PARANÁ
2018,1.0882156233740896,FLORESTA ESTADUAL DE IRIRI
2018,0.27492325761561465,PARQUE NACIONAL DE PACAÁS NOVOS
2018,0,ESTAçãO ECOLóGICA DO RIO RONURO
2018,0.22229171195933733,FLORESTA NACIONAL DE SANTA ROSA DO PURUS
2018,2.0823379909676616,FLORESTA NACIONAL DO CREPORI
2018,1.5485115318579643,RESERVA EXTRATIVISTA RIO OURO PRETO
2018,0.12965754097083942,FLORESTA NACIONAL DE TAPAJÓS
2018,3.627555245124194,RESERVA EXTRATIVISTA RIO PRETO-JACUNDÁ
2018,0,RESERVA EXTRATIVISTA CASTANHEIRA
2018,0.18350463343032683,FLORESTA NACIONAL DE BALATA-TUFARI
2018,39.754366772351766,ÁREA DE PROTEÇÃO AMBIENTAL DO TAPAJÓS
2018,1.0235722760118264,ÁREA DE PROTEÇÃO AMBIENTAL ILHA DO BANANAL/CANTÃO
2018,2.6595657814327107,FLORESTA ESTADUAL DE RENDIMENTO SUSTENTADO RIO VERMELHO (C)
2017,0.23441723696749564,FLORESTA NACIONAL DE BALATA-TUFARI
2017,2.500180615546853,ÁREA DE PROTEÇÃO AMBIENTAL ILHA DO BANANAL/CANTÃO
2017,0.2573379182051124,PARQUE NACIONAL DO PICO DA NEBLINA
2017,1.5522025457743598,RESERVA EXTRATIVISTA RIO CAJARI
2017,22.586737124248327,PARQUE ESTADUAL DE GUAJARÁ-MIRIM
2017,19.826465561848774,RESERVA EXTRATIVISTA CHICO MENDES
2017,0.07213972016779312,FLORESTA NACIONAL DO AMAZONAS
2017,1.8182745603393575,RESERVA EXTRATIVISTA IPÊ
2017,0.36648776777886716,FLORESTA NACIONAL DE CAXIUANÃ
2017,0.47129802941859,RESERVA EXTRATIVISTA TAPAJÓS ARAPIUNS
2017,0.1393075226855655,RESERVA DE DESENVOLVIMENTO SUSTENTÁVEL UACARÍ
2017,2.558121957389016,ÁREA DE PROTEçãO AMBIENTAL DAS REENTRâNCIAS MARANHENSES
2017,0.12548660199710626,PARQUE ESTADUAL SERRA SANTA BÁRBARA
2017,0.3497544845809053,RESERVA EXTRATIVISTA DO RIO GREGÓRIO
2017,0.10498867362048477,RESERVA EXTRATIVISTA MATA GRANDE
2017,0.0762037107579831,RESERVA DE DESENVOLVIMENTO SUSTENTAVEL PURANGA CONQUISTA
2017,0.23281245347487367,ÁREA DE PROTEÇÃO AMBIENTAL  TAPURUQUARA
2017,0.09549340794471652,ESTAÇÃO ECOLÓGICA SAMUEL
2017,0.10739569040223229,FLORESTA ESTADUAL DO TROMBETAS
2017,0.1480298063460191,RESERVA EXTRATIVISTA ALTO TARAUACÁ
2017,0.2682817759177182,ÁREA DE PROTEÇÃO AMBIENTAL DOS CAMPOS DE MANICORÉ
2017,0.951410542890815,RESERVA DE DESENVOLVIMENTO SUSTENTÁVEL DO RIO NEGRO
2017,0.06972254512212828,RESERVA DE DESENVOLVIMENTO SUSTENTÁVEL ALCOBAÇA
2017,0,RESERVA EXTRATIVISTA SÃO JOÃO DA PONTA
2017,5.9398618604099,FLORESTA NACIONAL DO AMANÁ
2017,2.9283471841399664,RESERVA EXTRATIVISTA GUARIBA-ROOSEVELT
2017,13.98072205312777,ÁREA DE PROTEÇÃO AMBIENTAL DO LAGO DE TUCURUI
2017,9.317642867966484,ÁREA DE PROTEçãO AMBIENTAL DA BAIXADA MARANHENSE
2017,1.9746513150791905,FLORESTA NACIONAL DO ARIPUANÃ
2017,0.6108736949165153,ÁREA DE RELEVANTE INTERESSE ECOLÓGICA SERINGAL NOVA ESPERANÇA
2017,3.3663452474142725,RESERVA EXTRATIVISTA VERDE PARA SEMPRE
2017,11.393586782748796,ESTAÇÃO ECOLÓGICA DA TERRA DO MEIO
2017,0.2792787082109093,PARQUE NACIONAL DOS CAMPOS AMAZÔNICOS
2017,0.24577185052297937,RESERVA EXTRATIVISTA RIOZINHO DA LIBERDADE
2017,0.13176148875833302,PARQUE NACIONAL DOS CAMPOS FERRUGINOSOS
2017,3.117665958306011,FLORESTA NACIONAL DE SARACÁ-TAQUERA
2017,0.41532697541535446,FLORESTA NACIONAL DE ITAITUBA I
2017,6.293134735034287,RESERVA EXTRATIVISTA ANGELIM
2017,0.42807507270983697,FLORESTA NACIONAL DE PURUS
2017,0.11602771976444493,FLORESTA ESTADUAL DE RENDIMENTO SUSTENTADO PERIQUITO
2017,0.06551292456453402,FLORESTA ESTADUAL DE TAPAUÁ
2017,0.43268369660368544,FLORESTA ESTADUAL DE RENDIMENTO SUSTENTADO GAVIÃO
2017,0.14259692300359836,RESERVA EXTRATIVISTA MARINHA CAETÉTAPERAÇU
2017,0,PARQUE ESTADUAL IGARAPÉS DO JURUENA
2017,204.6788291843945,ÁREA DE PROTEÇÃO AMBIENTAL TRIUNFO DO XINGU
2017,0.01616310132387653,REFúGIO DE VIDA SILVESTRE METRóPOLE DA AMAZôNIA
2017,0.167408254158454,RESERVA EXTRATIVISTA BAIXO JURUÁ
2017,0.06709951407986879,FLORESTA NACIONAL DE MAPIÁ-INAUINÍ
2017,4.822214181408853,ÁREA DE PROTEÇÃO AMBIENTAL DE PRESIDENTE FIGUEIREDO - CAVERNA DO MOROAGA
2017,0.08695101205989998,PARQUE NACIONAL DO JURUENA
2017,5.000255564815956,PARQUE NACIONAL DO RIO NOVO
2017,4.376156586817334,RESERVA BIOLÓGICA NASCENTES SERRA DO CACHIMBO
2017,0.07833026288073969,RESERVA DE DESENVOLVIMENTO SUSTENTÁVEL CANUMÃ
2017,0.0723400862723291,ESTAÇÃO ECOLÓGICA DE CUNIÃ
2017,0.40284876131136294,RESERVA EXTRATIVISTA CATUÁ-IPIXUNA
2017,25.09105047554942,FLORESTA NACIONAL DO JAMANXIM
2017,0.5236942055398948,ÁREA DE PROTEÇÃO AMBIENTAL MARGEM ESQUERDA DO RIO NEGRO-SETOR ATURIÁ-APUAUZINHO
2017,0.024954596680182965,ESTAçãO ECOLóGICA DO RIO ROOSEVELT
2017,0.8884191775068013,FLORESTA NACIONAL DO TRAIRÃO
2017,0.5029206254073381,FLORESTA NACIONAL DE ITACAIUNAS
2017,0.8043025807819958,FLORESTA ESTADUAL MAÚES
2017,0.1671600071402397,RESERVA EXTRATIVISTA MÉDIO JURUÁ
2017,1.1906842380371994,"FLORESTA ESTADUAL DE RENDIMENTO SUSTENTADO DO RIO MADEIRA ""B"""
2017,1.7912323386306912,RESERVA EXTRATIVISTA ALTO JURUÁ
2017,0.309805961989706,FLORESTA ESTADUAL DE RENDIMENTO SUSTENTADO ARARAS
2017,8.369912192691984,FLORESTA ESTADUAL DO PARU
2017,0.9592348349755361,RESERVA DE DESENVOLVIMENTO SUSTENTÁVEL AMANÃ
2017,0.1024753808252588,AREA DE PROTEÇÃO AMBIENTAL TARUMA/PONTA NEGRA
2017,0.8715550911555114,RESERVA EXTRATIVISTA ARIÓCA PRUANÃ
2017,0.17491309055648774,RESERVA EXTRATIVISTA ITUXí
2017,0.21730671559150236,RESERVA DE DESENVOLVIMENTO SUSTENTÁVEL PIAGAÇU PURUS
2017,0.16757096785368958,RESERVA DE DESENVOLVIMENTO SUSTENTÁVEL PUCURUÍ - ARARÃO
2017,0.37618313935558395,FLORESTA NACIONAL DE CARAJÁS
2017,0,RESERVA EXTRATIVISTA MARINHA MOCAPAJUBA
2017,0,RESERVA EXTRATIVISTA RIO CAUTÁRIO
2017,0.16537447630410912,FLORESTA NACIONAL DO JAMARI
2017,0.12529335745450854,RESERVA EXTRATIVISTA MARACATIARA
2017,0.4576090007233756,PARQUE NACIONAL DA AMAZÔNIA
2017,0.01967476656947285,RESERVA EXTRATIVISTA MOGNO
2017,1.689466898240764,RESERVA EXTRATIVISTA RIOZINHO DO ANFRÍSIO
2017,0.07972205831985585,RESERVA EXTRATIVISTA AQUARIQUARA
2017,1.7675287158757893,FLORESTA NACIONAL DE TAPIRAPÉ-AQUIRI
2017,0.21825824828967452,FLORESTA NACIONAL DO IQUIRI
2017,5.672219032508671,FLORESTA ESTADUAL DE RENDIMENTO SUSTENTADO MUTUM
2017,0.2644338169513324,RESERVA DE DESENVOLVIMENTO SUSTENTÁVEL DO JUMA
2017,0.2742076191540408,ÁREA DE PROTEÇÃO AMBIENTAL PAYTUNA
2017,0,RESERVA EXTRATIVISTA PIQUIÁ
2017,0.3340850053454087,RESERVA EXTRATIVISTA DO RIO JUTAÍ
2017,0.19935640497372892,RESERVA EXTRATIVISTA GURUPÁ-MELGAÇO
2017,0.7782431750839326,FLORESTA NACIONAL DE URUPADI
2017,6.465954137462003,RESERVA BIOLÓGICA DO GURUPI
2017,0.12846268219215423,FLORESTA NACIONAL DE PAU-ROSA
2017,0,FLORESTA NACIONAL DE MULATA
2017,0.8381989975428417,ÁREA DE PROTEÇÃO AMBIENTAL IGARAPÉ SÃO FRANCISCO
2017,4.4342709209869735,ÁREA DE PROTEÇÃO AMBIENTAL DO ARQUIPÉLAGO DO MARAJÓ
2017,3.3260489386712666,PARQUE NACIONAL MAPINGUARI
2017,0.4488699873684156,RESERVA EXTRATIVISTA IPAÚ-ANILZINHO
2017,5.719488412716428,FLORESTA NACIONAL DE BOM FUTURO
2017,0.14098397919844244,PARQUE NACIONAL DO ACARI
2017,0.4897979743215069,FLORESTA ESTADUAL DE RENDIMENTO SUSTENTADO DO RIO MACHADO
2017,9.685403049434463,FLORESTA NACIONAL DE ITAITUBA II
2017,0.1276286045155512,FLORESTA NACIONAL DE MACAUÃ
2017,2.64628234293988,ÁREA DE PROTEÇÃO AMBIENTAL MARGEM DIREITA DO RIO NEGRO- SETOR PADUARI-SOLIMÕES
2017,1.140079262181842,FLORESTA NACIONAL ALTAMIRA
2017,1.3095450312293524,RESERVA EXTRATIVISTA ARAPIXI
2017,0.591576271177006,RESERVA DE DESENVOLVIMENTO SUSTENTÁVEL DO UATUMÃ
2017,0.2006967805200862,PARQUE NACIONAL DO JAMANXIM
2017,0.13232236502098013,PARQUE NACIONAL DA SERRA DO PARDO
2017,0.17554387759965617,FLORESTA ESTADUAL DE RENDIMENTO SUSTENTADO TUCANO
2017,4.050287285667994,RESERVA EXTRATIVISTA RENASCER
2017,0.7655624675056453,FLORESTA ESTADUAL DE FARO
2017,0.1252012346090657,PARQUE NACIONAL DO JAÚ
2017,3.0004002901864983,FLORESTA ESTADUAL DO AMAPÁ
2017,144.616496435175,RESERVA EXTRATIVISTA JACI-PARANÁ
2017,0.0973358865009483,RESERVA EXTRATIVISTA MARINHA DE SOURE
2017,0.015388547997703776,FLORESTA ESTADUAL DE RENDIMENTO SUSTENTADO CEDRO
2017,0.09243126485048421,PARQUE NACIONAL MONTANHAS DO TUMUCUMAQUE
2017,0.06337229941338673,FLORESTA ESTADUAL DE IRIRI
2017,2.873027951506642,PARQUE NACIONAL DE PACAÁS NOVOS
2017,0.3672287007712677,ÁREA DE PROTEÇÃO AMBIENTAL MARGEM ESQUERDA DO RIO NEGRO-SETOR TARUMÃ AÇU-TARUMÃ MIRIMA
2017,2.6188010125962866,FLORESTA NACIONAL DE TEFÉ
2017,0.36985239015683685,FLORESTA NACIONAL DE SANTA ROSA DO PURUS
2017,2.147069901455148,FLORESTA NACIONAL DO CREPORI
2017,0.7590399277473157,RESERVA EXTRATIVISTA RIO OURO PRETO
2017,0.09887834094150437,FLORESTA NACIONAL DE TAPAJÓS
2017,0.35860702099022007,PARQUE NACIONAL DA SERRA DO DIVISOR
2017,0.07213972016779312,PARQUE ESTADUAL SERRA DO ARACÁ
2017,0.0881740320493693,RESERVA EXTRATIVISTA JATOBÁ
2017,0.06952004439910502,ÁREA DE PROTEÇÃO AMBIENTAL MEANDROS DO ARAGUAIA
2017,11.475467427558284,RESERVA EXTRATIVISTA RIO PRETO-JACUNDÁ
2017,0,RESERVA EXTRATIVISTA CASTANHEIRA
2017,31.79050661231,ÁREA DE PROTEÇÃO AMBIENTAL DO TAPAJÓS
2017,1.737015299127476,RESERVA EXTRATIVISTA DO CAZUMBÁ-IRACEMA
2016,4.527044924433767,FLORESTA NACIONAL DO AMANÁ
2016,1.0013899573038267,PARQUE NACIONAL DA SERRA DO DIVISOR
2016,4.902076672930972,FLORESTA ESTADUAL DE RENDIMENTO SUSTENTADO MUTUM
2016,0.1613913472246476,PARQUE NACIONAL DO PICO DA NEBLINA
2016,1.8693893257044365,RESERVA EXTRATIVISTA RIO CAJARI
2016,13.340551377850112,PARQUE ESTADUAL DE GUAJARÁ-MIRIM
2016,29.085439273728905,RESERVA EXTRATIVISTA CHICO MENDES
2016,0.2886107427802757,FLORESTA NACIONAL DO AMAZONAS
2016,0.17833940344327084,FLORESTA NACIONAL DE CAXIUANÃ
2016,0.3071787150724662,RESERVA EXTRATIVISTA TAPAJÓS ARAPIUNS
2016,0.25328843594941186,RESERVA DE DESENVOLVIMENTO SUSTENTÁVEL UACARÍ
2016,0.2966435585541808,ÁREA DE PROTEçãO AMBIENTAL DAS REENTRâNCIAS MARANHENSES
2016,0.17418525173413754,PARQUE ESTADUAL SERRA SANTA BÁRBARA
2016,0.16596558767899436,RESERVA EXTRATIVISTA DO RIO GREGÓRIO
2016,0.08493464071376622,RESERVA EXTRATIVISTA MATA GRANDE
2016,0.20768398293576829,RESERVA EXTRATIVISTA MAPUÁ
2016,1.9114006795994913,RESERVA EXTRATIVISTA DO MéDIO PURúS
2016,0.21134351792448314,ÁREA DE PROTEÇÃO AMBIENTAL  TAPURUQUARA
2016,0.2916018781200731,FLORESTA ESTADUAL DO TROMBETAS
2016,0.10147842121628672,RESERVA BIOLÓGICA DO ABUFARI
2016,0.25592020484391687,RESERVA EXTRATIVISTA ALTO TARAUACÁ
2016,0.13916748420004427,RESERVA DE DESENVOLVIMENTO SUSTENTAVEL DO RIO MADEIRA
2016,0.11586760941674874,ÁREA DE PROTEÇÃO AMBIENTAL DOS CAMPOS DE MANICORÉ
2016,0.27302943908991184,RESERVA DE DESENVOLVIMENTO SUSTENTÁVEL DO RIO NEGRO
2016,0.10668412086078757,RESERVA DE DESENVOLVIMENTO SUSTENTÁVEL ALCOBAÇA
2016,0,RESERVA EXTRATIVISTA SÃO JOÃO DA PONTA
2016,0.518278176897377,PARQUE ESTADUAL SERRA DO ARACÁ
2016,3.040166413403218,RESERVA EXTRATIVISTA GUARIBA-ROOSEVELT
2016,0.06629853679041228,ÁREA DE PROTEÇÃO AMBIENTAL LAGO DO AMAPÁ
2016,19.80576430811487,ÁREA DE PROTEÇÃO AMBIENTAL DO LAGO DE TUCURUI
2016,2.9564210646063502,ÁREA DE PROTEçãO AMBIENTAL DA BAIXADA MARANHENSE
2016,0.3816755707160601,FLORESTA NACIONAL DO ARIPUANÃ
2016,0.7841921573217557,ÁREA DE RELEVANTE INTERESSE ECOLÓGICA SERINGAL NOVA ESPERANÇA
2016,0.11606141924950565,ÁREA DE PROTEÇÃO AMBIENTAL DO RIO MADEIRA
2016,2.5791841885571287,RESERVA EXTRATIVISTA VERDE PARA SEMPRE
2016,8.51904090670569,ESTAÇÃO ECOLÓGICA DA TERRA DO MEIO
2016,0.010578838300958276,PARQUE NACIONAL DOS CAMPOS AMAZÔNICOS
2016,1.1432732658560867,RESERVA EXTRATIVISTA RIOZINHO DA LIBERDADE
2016,0,RESERVA BIOLÓGICA DO GUAPORÉ
2016,0,ÁREA DE PROTEÇÃO AMBIENTAL DO IGARAPÉ GELADO
2016,1.027451739412949,PARQUE NACIONAL DOS CAMPOS FERRUGINOSOS
2016,3.746702880418243,FLORESTA NACIONAL DE SARACÁ-TAQUERA
2016,0.4435233022206108,FLORESTA NACIONAL DE ITAITUBA I
2016,1.4570812959390105,RESERVA EXTRATIVISTA ANGELIM
2016,0.07730097318298519,FLORESTA NACIONAL DE PURUS
2016,0.07087594287054697,FLORESTA ESTADUAL DE RENDIMENTO SUSTENTADO PERIQUITO
2016,0.07016157535505403,FLORESTA ESTADUAL DE TAPAUÁ
2016,0,RESERVA EXTRATIVISTA MAE GRANDE DE CURUÇA
2016,0,RESERVA EXTRATIVISTA MARACANÃ
2016,0.13448196259846884,ÁREA DE PROTEÇÃO AMBIENTAL DE ALTER DO CHÃO
2016,0.16336722096581757,FLORESTA NACIONAL DE JACUNDÁ
2016,0.012081054767166468,RESERVA EXTRATIVISTA MARINHA DE GURUPI-PIRIÁ
2016,421.552305960686,ÁREA DE PROTEÇÃO AMBIENTAL TRIUNFO DO XINGU
2016,0.10551488525998967,REFúGIO DE VIDA SILVESTRE METRóPOLE DA AMAZôNIA
2016,0.11261391151200097,RESERVA EXTRATIVISTA BAIXO JURUÁ
2016,3.7729889131820795,ÁREA DE PROTEÇÃO AMBIENTAL DE PRESIDENTE FIGUEIREDO - CAVERNA DO MOROAGA
2016,0.07620433882896951,PARQUE NACIONAL DO JURUENA
2016,0.0830992521263957,PARQUE ESTADUAL DO MATUPIRI
2016,2.9202620096286536,PARQUE NACIONAL DO RIO NOVO
2016,0.12968399379445997,RESERVA EXTRATIVISTA RIO XINGU
2016,10.074030354976111,RESERVA BIOLÓGICA NASCENTES SERRA DO CACHIMBO
2016,0.07804830795272161,RESERVA DE DESENVOLVIMENTO SUSTENTÁVEL CANUMÃ
2016,0.08628356655474959,ESTAÇÃO ECOLÓGICA DE CUNIÃ
2016,73.0545273955722,FLORESTA NACIONAL DO JAMANXIM
2016,2.4256450536672873,RESERVA EXTRATIVISTA DO CAZUMBÁ-IRACEMA
2016,0.4737880144364689,FLORESTA ESTADUAL MAÚES
2016,0.5328261445597552,FLORESTA NACIONAL DE ITACAIUNAS
2016,0.28899575622483875,RESERVA EXTRATIVISTA MÉDIO JURUÁ
2016,0.9217438908258634,"FLORESTA ESTADUAL DE RENDIMENTO SUSTENTADO DO RIO MADEIRA ""B"""
2016,1.6490323637603008,RESERVA EXTRATIVISTA ALTO JURUÁ
2016,0.2963204854827932,FLORESTA ESTADUAL DE RENDIMENTO SUSTENTADO ARARAS
2016,7.711179823783156,FLORESTA ESTADUAL DO PARU
2016,1.5334158640434024,RESERVA DE DESENVOLVIMENTO SUSTENTÁVEL AMANÃ
2016,0.06862928780827636,AREA DE PROTEÇÃO AMBIENTAL TARUMA/PONTA NEGRA
2016,0.8335855566124873,RESERVA EXTRATIVISTA ARIÓCA PRUANÃ
2016,0.2849501496131554,RESERVA EXTRATIVISTA ITUXí
2016,0.45814201391989146,RESERVA DE DESENVOLVIMENTO SUSTENTÁVEL PIAGAÇU PURUS
2016,0.06380483729080086,RESERVA EXTRATIVISTA DO LAGO DO CAPANÃ GRANDE
2016,0.113040975767266,RESERVA DE DESENVOLVIMENTO SUSTENTÁVEL PUCURUÍ - ARARÃO
2016,0.7357593055597034,FLORESTA NACIONAL DE CARAJÁS
2016,0.010547154248871026,RESERVA EXTRATIVISTA RIO CAUTÁRIO
2016,0.1310531847785108,RESERVA BIOLÓGICA DO RIO TROMBETAS
2016,0.13248267589588458,RESERVA EXTRATIVISTA MARACATIARA
2016,1.477630440414002,FLORESTA NACIONAL DE RORAIMA
2016,1.0505915257815506,PARQUE NACIONAL DA AMAZÔNIA
2016,1.1763979537722573,RESERVA EXTRATIVISTA RIOZINHO DO ANFRÍSIO
2016,0.873648409231578,RESERVA EXTRATIVISTA AQUARIQUARA
2016,1.3067935937312254,FLORESTA NACIONAL DE TAPIRAPÉ-AQUIRI
2016,0.4859191804103498,FLORESTA NACIONAL DO IQUIRI
2016,16.98861649646675,ÁREA DE PROTEÇÃO AMBIENTAL ILHA DO BANANAL/CANTÃO
2016,0.13142347056479126,RESERVA DE DESENVOLVIMENTO SUSTENTÁVEL DO JUMA
2016,1.27800138047732,ÁREA DE PROTEÇÃO AMBIENTAL PAYTUNA
2016,0.0652605319314911,PARQUE ESTADUAL DA SERRA DOS MARTÍRIOS/ANDORINHAS
2016,0.2322966951850485,FLORESTA NACIONAL DE URUPADI
2016,4.513095114843492,RESERVA BIOLÓGICA DO GURUPI
2016,0.023861459362525546,FLORESTA NACIONAL DE MULATA
2016,1.9030300529219109,ÁREA DE PROTEÇÃO AMBIENTAL IGARAPÉ SÃO FRANCISCO
2016,0.11379181194533938,PARQUE ESTADUAL DE CORUMBIARA
2016,2.912304157609912,ÁREA DE PROTEÇÃO AMBIENTAL DO ARQUIPÉLAGO DO MARAJÓ
2016,0.20677107915518805,PARQUE ESTADUAL CRISTALINO
2016,0.0656685198892951,RESERVA EXTRATIVISTA MASSARANDUBA
2016,0.48346393252078396,PARQUE NACIONAL MAPINGUARI
2016,0.723358610500101,RESERVA EXTRATIVISTA IPAÚ-ANILZINHO
2016,1.2154271859349584,FLORESTA NACIONAL DE BOM FUTURO
2016,0.40145355516475256,PARQUE ESTADUAL SERRA RICARDO FRANCO
2016,0.44608912404735385,FLORESTA ESTADUAL DE RENDIMENTO SUSTENTADO DO RIO MACHADO
2016,0.4043008583712527,RESERVA EXTRATIVISTA TERRA GRANDE PRACUUBA
2016,3.7815015879582474,FLORESTA NACIONAL DE ITAITUBA II
2016,2.148575406390749,ÁREA DE PROTEÇÃO AMBIENTAL MARGEM DIREITA DO RIO NEGRO- SETOR PADUARI-SOLIMÕES
2016,0.06844342122902726,ÁREA DE PROTEÇÃO AMBIENTAL - BAIXO RIO BRANCO
2016,6.843128772247101,FLORESTA NACIONAL ALTAMIRA
2016,0.09476054007096775,ÁREA DE PROTEÇÃO AMBIENTAL NHAMUNDÁ
2016,0.43264648613073864,RESERVA EXTRATIVISTA ARAPIXI
2016,2.2927003018246346,PARQUE NACIONAL DO JAMANXIM
2016,0,PARQUE NACIONAL DA SERRA DO PARDO
2016,0.46723251718821207,FLORESTA ESTADUAL DE RENDIMENTO SUSTENTADO TUCANO
2016,1.8520432107129043,RESERVA EXTRATIVISTA RENASCER
2016,0.6544870841878522,ÁREA DE PROTEÇÃO AMBIENTAL DE SÃO GERALDO DO ARAGUAIA
2016,0.6476297561351556,FLORESTA ESTADUAL DE FARO
2016,0.16303607101288786,PARQUE NACIONAL DO JAÚ
2016,1.0362348746643655,FLORESTA ESTADUAL DO AMAPÁ
2016,114.51915741021607,RESERVA EXTRATIVISTA JACI-PARANÁ
2016,0.3134834221799937,RESERVA EXTRATIVISTA MARINHA DE SOURE
2016,0.1079846750798097,ÁREA DE PROTEÇÃO AMBIENTAL LAGO DE SANTA ISABEL
2016,0.24773997772697104,FLORESTA ESTADUAL DE IRIRI
2016,0.15267434873104002,PARQUE NACIONAL DE PACAÁS NOVOS
2016,0.079796735561784,ÁREA DE PROTEÇÃO AMBIENTAL MARGEM ESQUERDA DO RIO NEGRO-SETOR TARUMÃ AÇU-TARUMÃ MIRIMA
2016,2.9224903251331087,FLORESTA NACIONAL DE TEFÉ
2016,0.09442715422111121,FLORESTA NACIONAL DE SANTA ROSA DO PURUS
2016,1.6112880589233027,FLORESTA NACIONAL DO CREPORI
2016,1.6717287560436533,RESERVA EXTRATIVISTA RIO OURO PRETO
2016,0.12795348128129846,FLORESTA NACIONAL DE TAPAJÓS
2016,0.3925810405122869,FLORESTA NACIONAL DE BALATA-TUFARI
2016,0.11970729687984333,RESERVA EXTRATIVISTA CANUTAMA
2016,0.061637558211699126,ÁREA DE PROTEÇÃO AMBIENTAL MEANDROS DO ARAGUAIA
2016,9.36017778734181,RESERVA EXTRATIVISTA RIO PRETO-JACUNDÁ
2016,0.07723260818505683,RESERVA EXTRATIVISTA CASTANHEIRA
2016,30.619193480183966,ÁREA DE PROTEÇÃO AMBIENTAL DO TAPAJÓS
2016,0.4547769398924145,ÁREA DE PROTEÇÃO AMBIENTAL MARGEM ESQUERDA DO RIO NEGRO-SETOR ATURIÁ-APUAUZINHO
2015,11.896157938543183,PARQUE ESTADUAL DE GUAJARÁ-MIRIM
2015,15.167852142508455,RESERVA EXTRATIVISTA CHICO MENDES
2015,0.27135850164435915,FLORESTA NACIONAL DO AMAZONAS
2015,0.4547208312779403,RESERVA EXTRATIVISTA TAPAJÓS ARAPIUNS
2015,0.1301795816061087,RESERVA DE DESENVOLVIMENTO SUSTENTÁVEL UACARÍ
2015,1.4694160480173901,ÁREA DE PROTEçãO AMBIENTAL DAS REENTRâNCIAS MARANHENSES
2015,0.3986506208249863,PARQUE ESTADUAL SERRA SANTA BÁRBARA
2015,0.4189216799402997,RESERVA EXTRATIVISTA MATA GRANDE
2015,0.07408246216398477,RESERVA EXTRATIVISTA RIO PACAÁS NOVOS
2015,0.14698233347684406,PARQUE ESTADUAL SERRA DOS REIS
2015,0.0680213951157018,RESERVA EXTRATIVISTA DO MéDIO PURúS
2015,0.28084292690814044,ÁREA DE PROTEÇÃO AMBIENTAL  TAPURUQUARA
2015,0.0870482711644924,FLORESTA ESTADUAL DO TROMBETAS
2015,0.45469096598743997,RESERVA DE DESENVOLVIMENTO SUSTENTAVEL DO RIO MADEIRA
2015,0.06576411265783291,RESERVA EXTRATIVISTA ALTO TARAUACÁ
2015,1.284724012627345,RESERVA DE DESENVOLVIMENTO SUSTENTÁVEL DO RIO NEGRO
2015,0.27175916629549657,RESERVA DE DESENVOLVIMENTO SUSTENTÁVEL ALCOBAÇA
2015,2.1510703517361285,FLORESTA NACIONAL DO AMANÁ
2015,2.422022480553148,RESERVA EXTRATIVISTA GUARIBA-ROOSEVELT
2015,27.54458500870162,ÁREA DE PROTEÇÃO AMBIENTAL DO LAGO DE TUCURUI
2015,0.9060854662251223,ÁREA DE PROTEçãO AMBIENTAL DA BAIXADA MARANHENSE
2015,0.30580809537153636,FLORESTA NACIONAL DO ARIPUANÃ
2015,0.8937867096853416,ÁREA DE RELEVANTE INTERESSE ECOLÓGICA SERINGAL NOVA ESPERANÇA
2015,4.7195939933963835,RESERVA EXTRATIVISTA VERDE PARA SEMPRE
2015,3.067270238843526,ESTAÇÃO ECOLÓGICA DA TERRA DO MEIO
2015,0.3620535450561445,PARQUE NACIONAL DOS CAMPOS AMAZÔNICOS
2015,0.06694920613134653,RESERVA EXTRATIVISTA RIOZINHO DA LIBERDADE
2015,0.01696155847872421,PARQUE NACIONAL DOS CAMPOS FERRUGINOSOS
2015,4.959001943125155,FLORESTA NACIONAL DE SARACÁ-TAQUERA
2015,0.4227708343427665,FLORESTA NACIONAL DE ITAITUBA I
2015,1.8210195680571564,RESERVA EXTRATIVISTA ANGELIM
2015,0.2414727410417348,FLORESTA NACIONAL DE PURUS
2015,0.02142450205155462,PARQUE ESTADUAL TUCUMÃ
2015,0.2068882966934368,FLORESTA ESTADUAL DE RENDIMENTO SUSTENTADO GAVIÃO
2015,0.0419402532315677,RESERVA EXTRATIVISTA MARACANÃ
2015,0.03569139591343831,RESERVA EXTRATIVISTA MARINHA CUINARANA
2015,0.15065609804957075,ÁREA DE PROTEÇÃO AMBIENTAL MARGEM ESQUERDA DO RIO NEGRO-SETOR ATURIÁ-APUAUZINHO
2015,176.151063480176,ÁREA DE PROTEÇÃO AMBIENTAL TRIUNFO DO XINGU
2015,0.08607449961522207,RESERVA EXTRATIVISTA BAIXO JURUÁ
2015,4.782212199574851,ÁREA DE PROTEÇÃO AMBIENTAL DE PRESIDENTE FIGUEIREDO - CAVERNA DO MOROAGA
2015,0.06282074798305175,RESERVA DE DESENVOLVIMENTO SUSTENTÁVEL MAMIRAUÁ
2015,0.04206086315263808,PARQUE NACIONAL DO JURUENA
2015,0.37755275481449563,RESERVA EXTRATIVISTA MARINHA MESTRE LUCINDO
2015,1.0011445405268822,PARQUE NACIONAL DO RIO NOVO
2015,19.755652937482658,RESERVA BIOLÓGICA NASCENTES SERRA DO CACHIMBO
2015,0.0632034908155051,RESERVA DE DESENVOLVIMENTO SUSTENTÁVEL CANUMÃ
2015,0.16093445265743508,RESERVA EXTRATIVISTA CATUÁ-IPIXUNA
2015,0.14816203760465435,AREA DE PROTECAO AMBIENTAL XERIUINI
2015,92.50405076950742,FLORESTA NACIONAL DO JAMANXIM
2015,0.515118349401177,RESERVA EXTRATIVISTA DO CAZUMBÁ-IRACEMA
2015,2.2592876550441643,ESTAçãO ECOLóGICA DO RIO ROOSEVELT
2015,0.07250969757032767,FLORESTA NACIONAL DO TRAIRÃO
2015,0.08939527920764179,FLORESTA ESTADUAL MAÚES
2015,0.17766297336706843,FLORESTA NACIONAL DE ITACAIUNAS
2015,0.0740921467394194,RESERVA EXTRATIVISTA MÉDIO JURUÁ
2015,0.11621298937173055,PARQUE NACIONAL DO PICO DA NEBLINA
2015,1.177165995967988,RESERVA EXTRATIVISTA RIO CAJARI
2015,0.18307420186388376,RESERVA EXTRATIVISTA ALTO JURUÁ
2015,0.5172060055366077,"FLORESTA ESTADUAL DE RENDIMENTO SUSTENTADO DO RIO MADEIRA ""B"""
2015,0.0771770228493344,RESERVA EXTRATIVISTA AUATÍ-PARANÁ
2015,0.6411078928519824,FLORESTA ESTADUAL DE RENDIMENTO SUSTENTADO ARARAS
2015,3.9401041960425705,FLORESTA ESTADUAL DO PARU
2015,0.07590506856330038,RESERVA DE DESENVOLVIMENTO SUSTENTÁVEL AMANÃ
2015,0.28780486592586346,AREA DE PROTEÇÃO AMBIENTAL TARUMA/PONTA NEGRA
2015,0.1315411108050463,RESERVA EXTRATIVISTA ARIÓCA PRUANÃ
2015,0.6352822064402628,RESERVA DE DESENVOLVIMENTO SUSTENTÁVEL PIAGAÇU PURUS
2015,0.33914749030852537,RESERVA EXTRATIVISTA ITUXí
2015,0.10822559638047778,RESERVA DE DESENVOLVIMENTO SUSTENTÁVEL PUCURUÍ - ARARÃO
2015,0.05966695784460753,RESERVA EXTRATIVISTA SERINGUEIRA
2015,1.3681581990709746,FLORESTA NACIONAL DE CARAJÁS
2015,0,RESERVA EXTRATIVISTA RIO CAUTÁRIO
2015,0.5927400395170247,RESERVA EXTRATIVISTA MARACATIARA
2015,0.10776064588922235,FLORESTA NACIONAL DE RORAIMA
2015,0.17739129454458746,PARQUE NACIONAL DA AMAZÔNIA
2015,1.9776124512708537,RESERVA EXTRATIVISTA RIOZINHO DO ANFRÍSIO
2015,0.3550441020379268,RESERVA EXTRATIVISTA AQUARIQUARA
2015,1.9009489643515671,FLORESTA NACIONAL DE TAPIRAPÉ-AQUIRI
2015,0.7457446647684127,FLORESTA NACIONAL DO IQUIRI
2015,0.1321579179115381,RESERVA BIOLÓGICA DO JARU
2015,3.809303966896703,FLORESTA ESTADUAL DE RENDIMENTO SUSTENTADO MUTUM
2015,0.2490808019627264,ÁREA DE PROTEÇÃO AMBIENTAL PAYTUNA
2015,0.12291773234949864,RESERVA EXTRATIVISTA PIQUIÁ
2015,0.06565536687134206,RESERVA EXTRATIVISTA DO RIO JUTAÍ
2015,0,RESERVA EXTRATIVISTA MARINHA ARAI-PEROBA
2015,0.5467162778074574,FLORESTA NACIONAL DE URUPADI
2015,5.5516993865551125,RESERVA BIOLÓGICA DO GURUPI
2015,0.5802614642831857,ÁREA DE PROTEÇÃO AMBIENTAL IGARAPÉ SÃO FRANCISCO
2015,1.7712542027832492,ÁREA DE PROTEÇÃO AMBIENTAL DO ARQUIPÉLAGO DO MARAJÓ
2015,0.17946553062009812,RESERVA EXTRATIVISTA MASSARANDUBA
2015,0.4098379922255985,PARQUE NACIONAL MAPINGUARI
2015,0.3431264323484317,RESERVA EXTRATIVISTA IPAÚ-ANILZINHO
2015,0.8719847284040655,FLORESTA NACIONAL DE BOM FUTURO
2015,0.10564842683490691,PARQUE ESTADUAL SERRA RICARDO FRANCO
2015,0.2708178307778862,RESERVA BIOLÓGICA DO MANICORÉ
2015,2.869687247815591,FLORESTA NACIONAL DE ITAITUBA II
2015,0.18024164138227575,FLORESTA NACIONAL DE MACAUÃ
2015,2.8161754332333784,ÁREA DE PROTEÇÃO AMBIENTAL MARGEM DIREITA DO RIO NEGRO- SETOR PADUARI-SOLIMÕES
2015,0.3744188356129676,FLORESTA NACIONAL ALTAMIRA
2015,0.08261780053927004,RESERVA EXTRATIVISTA ARAPIXI
2015,0.2788055476930844,ÁREA DE PROTEÇÃO AMBIENTAL DAS CABECEIRAS DO RIO CUIABÁ
2015,0.04027271358940005,RESERVA EXTRATIVISTA DO CIRIÁCO
2015,0.17601153839094863,RESERVA DE DESENVOLVIMENTO SUSTENTÁVEL DO UATUMÃ
2015,5.857767312999365,PARQUE NACIONAL DO JAMANXIM
2015,0.10607852318659088,FLORESTA ESTADUAL DE RENDIMENTO SUSTENTADO TUCANO
2015,4.547645775531438,RESERVA EXTRATIVISTA RENASCER
2015,0.6311944230883766,FLORESTA ESTADUAL DE FARO
2015,3.283114574133255,FLORESTA ESTADUAL DO AMAPÁ
2015,92.46226640281195,RESERVA EXTRATIVISTA JACI-PARANÁ
2015,0.06661047618163707,PARQUE NACIONAL MONTANHAS DO TUMUCUMAQUE
2015,0.10218163736407086,ÁREA DE PROTEÇÃO AMBIENTAL LAGO DE SANTA ISABEL
2015,0.14388647634995702,FLORESTA ESTADUAL DE IRIRI
2015,0.5622157162456614,FLORESTA NACIONAL DE TEFÉ
2015,0.7360878344028161,FLORESTA NACIONAL DO CREPORI
2015,2.50720381382117,RESERVA EXTRATIVISTA RIO OURO PRETO
2015,0.1809699924424699,FLORESTA NACIONAL DE TAPAJÓS
2015,0.13664858866470747,PARQUE NACIONAL DA SERRA DO DIVISOR
2015,0.20572461540461703,PARQUE ESTADUAL SERRA DO ARACÁ
2015,0,ÁREA DE PROTEÇÃO AMBIENTAL MEANDROS DO ARAGUAIA
2015,13.126969645429348,RESERVA EXTRATIVISTA RIO PRETO-JACUNDÁ
2015,0.031493717969030145,RESERVA EXTRATIVISTA CASTANHEIRA
2015,0.06969455182594247,FLORESTA NACIONAL DE BALATA-TUFARI
2015,34.125265150151726,ÁREA DE PROTEÇÃO AMBIENTAL DO TAPAJÓS
2015,0.12573836361690624,ÁREA DE PROTEÇÃO AMBIENTAL DE ALTER DO CHÃO
2015,16.856164582008144,ÁREA DE PROTEÇÃO AMBIENTAL ILHA DO BANANAL/CANTÃO
2014,0.03056784386014818,RESERVA EXTRATIVISTA DE CURURUPU
2014,7.308321406665924,ÁREA DE PROTEÇÃO AMBIENTAL ILHA DO BANANAL/CANTÃO
2014,0.03621392975522985,PARQUE NACIONAL DO PICO DA NEBLINA
2014,2.7352235814278827,RESERVA EXTRATIVISTA RIO CAJARI
2014,2.8039489341114954,PARQUE ESTADUAL DE GUAJARÁ-MIRIM
2014,21.72928911725264,RESERVA EXTRATIVISTA CHICO MENDES
2014,0.19237768769707603,FLORESTA NACIONAL DO AMAZONAS
2014,0.24478224245385538,FLORESTA NACIONAL DE CAXIUANÃ
2014,3.744080161502086,RESERVA EXTRATIVISTA TAPAJÓS ARAPIUNS
2014,0.17553285964885354,RESERVA DE DESENVOLVIMENTO SUSTENTÁVEL UACARÍ
2014,3.417852296017965,ÁREA DE PROTEçãO AMBIENTAL DAS REENTRâNCIAS MARANHENSES
2014,0.20859712830898808,ÁREA DE PROTEÇÃO AMBIENTAL MUNICIPAL DO ARICÁ-AÇU
2014,0.2288548116032802,RESERVA EXTRATIVISTA DO RIO GREGÓRIO
2014,0.29960606161629283,RESERVA EXTRATIVISTA MATA GRANDE
2014,0.0655552617198297,RESERVA EXTRATIVISTA RIO PACAÁS NOVOS
2014,0.46456182154340425,ÁREA DE PROTEÇÃO AMBIENTAL MARGEM ESQUERDA DO RIO NEGRO-SETOR ATURIÁ-APUAUZINHO
2014,1.1816732393339608,PARQUE NACIONAL DO ARAGUAIA
2014,0.6136612716896434,ÁREA DE PROTEÇÃO AMBIENTAL  TAPURUQUARA
2014,0.06501369846643112,FLORESTA ESTADUAL DO TROMBETAS
2014,0.1375294042912908,RESERVA BIOLÓGICA DO ABUFARI
2014,0.06921969169884624,PARQUE NACIONAL DO MONTE RORAIMA
2014,0.2513420890590806,RESERVA DE DESENVOLVIMENTO SUSTENTAVEL DO RIO MADEIRA
2014,1.7598300463115881,RESERVA EXTRATIVISTA ALTO TARAUACÁ
2014,0.9025588942763723,RESERVA DE DESENVOLVIMENTO SUSTENTÁVEL DO RIO NEGRO
2014,0,RESERVA DE DESENVOLVIMENTO SUSTENTÁVEL ALCOBAÇA
2014,0,RESERVA EXTRATIVISTA SÃO JOÃO DA PONTA
2014,3.0173850228115633,FLORESTA NACIONAL DO AMANÁ
2014,0.40795757772239505,RESERVA EXTRATIVISTA GUARIBA-ROOSEVELT
2014,0.10090038574083104,ÁREA DE PROTEÇÃO AMBIENTAL LAGO DO AMAPÁ
2014,6.981625944038745,ÁREA DE PROTEÇÃO AMBIENTAL DO LAGO DE TUCURUI
2014,5.457057357324642,ÁREA DE PROTEçãO AMBIENTAL DA BAIXADA MARANHENSE
2014,0.1887707659566673,FLORESTA NACIONAL DO ARIPUANÃ
2014,1.305416623437824,ÁREA DE RELEVANTE INTERESSE ECOLÓGICA SERINGAL NOVA ESPERANÇA
2014,7.481627986918579,RESERVA EXTRATIVISTA VERDE PARA SEMPRE
2014,1.2469175396679724,ESTAÇÃO ECOLÓGICA DA TERRA DO MEIO
2014,0.3750701810600757,RESERVA EXTRATIVISTA RIOZINHO DA LIBERDADE
2014,0.25942400184955483,PARQUE NACIONAL DOS CAMPOS FERRUGINOSOS
2014,4.73410177189042,FLORESTA NACIONAL DE SARACÁ-TAQUERA
2014,0.01840253756925661,RESERVA EXTRATIVISTA DA BAíA DO TUBARãO
2014,0,FLORESTA NACIONAL DE ITAITUBA I
2014,0.017545298147708176,RESERVA EXTRATIVISTA ANGELIM
2014,0.6292349714553191,FLORESTA NACIONAL DE PURUS
2014,0.23126309684381635,FLORESTA ESTADUAL DE TAPAUÁ
2014,0.06879898857834671,PARQUE ESTADUAL DO BACANGA
2014,1.094221504507637,FLORESTA NACIONAL DE BALATA-TUFARI
2014,0.1362720277589325,FLORESTA ESTADUAL DE RENDIMENTO SUSTENTADO GAVIÃO
2014,0.0640695840749599,ÁREA DE PROTEÇÃO AMBIENTAL DE ALTER DO CHÃO
2014,0.06333858226329546,FLORESTA NACIONAL DE JACUNDÁ
2014,116.08613059413229,ÁREA DE PROTEÇÃO AMBIENTAL TRIUNFO DO XINGU
2014,0.8142708589877851,RESERVA EXTRATIVISTA BAIXO JURUÁ
2014,0,FLORESTA NACIONAL DE MAPIÁ-INAUINÍ
2014,3.261127548311146,ÁREA DE PROTEÇÃO AMBIENTAL DE PRESIDENTE FIGUEIREDO - CAVERNA DO MOROAGA
2014,0.08204048044267967,RESERVA EXTRATIVISTA MARINHA MESTRE LUCINDO
2014,0.7502955432789992,PARQUE NACIONAL DO RIO NOVO
2014,0,RESERVA EXTRATIVISTA RIO XINGU
2014,4.240489394102016,RESERVA BIOLÓGICA NASCENTES SERRA DO CACHIMBO
2014,0.10662920616881862,RESERVA DE DESENVOLVIMENTO SUSTENTÁVEL CANUMÃ
2014,0.3777393059231604,RESERVA EXTRATIVISTA CATUÁ-IPIXUNA
2014,49.319217420284716,FLORESTA NACIONAL DO JAMANXIM
2014,1.69395289159015,RESERVA EXTRATIVISTA DO CAZUMBÁ-IRACEMA
2014,0.07222135731598758,ESTAçãO ECOLóGICA DO RIO ROOSEVELT
2014,0.48559063159724836,FLORESTA NACIONAL DO TRAIRÃO
2014,0.4292228806424419,FLORESTA ESTADUAL MAÚES
2014,0.06291286973540924,FLORESTA NACIONAL DE ITACAIUNAS
2014,0.2341241225392297,RESERVA EXTRATIVISTA MÉDIO JURUÁ
2014,0.2934010988592763,"FLORESTA ESTADUAL DE RENDIMENTO SUSTENTADO DO RIO MADEIRA ""B"""
2014,5.807891221936014,RESERVA EXTRATIVISTA ALTO JURUÁ
2014,0.324537598970348,FLORESTA ESTADUAL DE RENDIMENTO SUSTENTADO ARARAS
2014,6.241483054930432,FLORESTA ESTADUAL DO PARU
2014,2.0743518130720964,RESERVA DE DESENVOLVIMENTO SUSTENTÁVEL AMANÃ
2014,0.11385618608166374,AREA DE PROTEÇÃO AMBIENTAL TARUMA/PONTA NEGRA
2014,0.34528270637456565,RESERVA EXTRATIVISTA ARIÓCA PRUANÃ
2014,0.13761145578413808,RESERVA EXTRATIVISTA ITUXí
2014,0.7658729874550867,RESERVA DE DESENVOLVIMENTO SUSTENTÁVEL PIAGAÇU PURUS
2014,1.0765849252489716,FLORESTA NACIONAL DE CARAJÁS
2014,0.07823080042117281,RESERVA EXTRATIVISTA MARACATIARA
2014,0.49739830668495566,FLORESTA NACIONAL DE RORAIMA
2014,1.3386329583511163,PARQUE NACIONAL DA AMAZÔNIA
2014,2.152294552833117,RESERVA EXTRATIVISTA RIOZINHO DO ANFRÍSIO
2014,0.4360497724046696,RESERVA EXTRATIVISTA AQUARIQUARA
2014,1.2788586395694734,FLORESTA NACIONAL DE TAPIRAPÉ-AQUIRI
2014,0.08998459711079203,FLORESTA NACIONAL DO IQUIRI
2014,7.61028218802736,FLORESTA ESTADUAL DE RENDIMENTO SUSTENTADO MUTUM
2014,0.24635901251611098,RESERVA DE DESENVOLVIMENTO SUSTENTÁVEL DO JUMA
2014,0.3667220242651469,ÁREA DE PROTEÇÃO AMBIENTAL PAYTUNA
2014,0.04686268559248573,RESERVA EXTRATIVISTA PIQUIÁ
2014,28.14990140220087,ÁREA DE PROTEÇÃO AMBIENTAL DO TAPAJÓS
2014,0.3961886454721891,RESERVA EXTRATIVISTA DO RIO UNINI
2014,0.06500556785132865,RESERVA EXTRATIVISTA GURUPÁ-MELGAÇO
2014,4.602656274770737,FLORESTA NACIONAL DE URUPADI
2014,0.5020866576869933,RESERVA BIOLÓGICA DO GURUPI
2014,0.06271545534173771,FLORESTA NACIONAL DE PAU-ROSA
2014,0.09261195462897107,FLORESTA NACIONAL DE MULATA
2014,0.41250000059077035,ÁREA DE PROTEÇÃO AMBIENTAL IGARAPÉ SÃO FRANCISCO
2014,1.477356768583369,ÁREA DE PROTEÇÃO AMBIENTAL DO ARQUIPÉLAGO DO MARAJÓ
2014,0.08523812923256367,RESERVA EXTRATIVISTA MASSARANDUBA
2014,0.735907775735709,PARQUE NACIONAL MAPINGUARI
2014,0.08892729630849204,RESERVA EXTRATIVISTA IPAÚ-ANILZINHO
2014,1.3897447482097627,FLORESTA NACIONAL DE BOM FUTURO
2014,0.30258301799412357,PARQUE ESTADUAL SERRA RICARDO FRANCO
2014,0,RESERVA EXTRATIVISTA TERRA GRANDE PRACUUBA
2014,2.798669850023722,FLORESTA NACIONAL DE ITAITUBA II
2014,3.8434215775489737,ÁREA DE PROTEÇÃO AMBIENTAL MARGEM DIREITA DO RIO NEGRO- SETOR PADUARI-SOLIMÕES
2014,0.0641278090675661,ÁREA DE PROTEÇÃO AMBIENTAL - BAIXO RIO BRANCO
2014,26.307965633920894,FLORESTA NACIONAL ALTAMIRA
2014,0.3279627357222655,RESERVA EXTRATIVISTA ARAPIXI
2014,0.458877412547565,ÁREA DE PROTEÇÃO AMBIENTAL DAS CABECEIRAS DO RIO CUIABÁ
2014,0.016270055664643644,RESERVA DE DESENVOLVIMENTO SUSTENTÁVEL DO UATUMÃ
2014,0.21999613060760437,RESERVA EXTRATIVISTA DO CIRIÁCO
2014,1.91081129502635,PARQUE NACIONAL DO JAMANXIM
2014,0.4964943047854693,ÁREA DE PROTEçãO AMBIENTAL DA REGIãO DO MARACANã
2014,0.12627774274988499,FLORESTA ESTADUAL DE RENDIMENTO SUSTENTADO TUCANO
2014,1.272855158741803,RESERVA EXTRATIVISTA RENASCER
2014,0.184199580301176,ÁREA DE PROTEÇÃO AMBIENTAL DE SÃO GERALDO DO ARAGUAIA
2014,0.27057307855095775,PARQUE NACIONAL DO JAÚ
2014,3.4502971380856318,FLORESTA ESTADUAL DO AMAPÁ
2014,66.64624181610047,RESERVA EXTRATIVISTA JACI-PARANÁ
2014,0.47041029653090116,PARQUE NACIONAL DO CABO ORANGE
2014,0.012982436929913238,ÁREA DE PROTEÇÃO AMBIENTAL LAGO DE SANTA ISABEL
2014,0.337285632797721,FLORESTA ESTADUAL DE IRIRI
2014,0.3247059541371277,ÁREA DE PROTEÇÃO AMBIENTAL MARGEM ESQUERDA DO RIO NEGRO-SETOR TARUMÃ AÇU-TARUMÃ MIRIMA
2014,5.672702265964364,FLORESTA NACIONAL DE TEFÉ
2014,0.5985406284637094,FLORESTA NACIONAL DE SANTA ROSA DO PURUS
2014,0.12851784094296467,FLORESTA NACIONAL DO CREPORI
2014,2.4696127159723513,RESERVA EXTRATIVISTA RIO OURO PRETO
2014,0.20695520169264653,FLORESTA NACIONAL DE TAPAJÓS
2014,1.2163601850463108,PARQUE NACIONAL DA SERRA DO DIVISOR
2014,0.08041760441477232,RESERVA EXTRATIVISTA CANUTAMA
2014,0.5458205621560486,RESERVA EXTRATIVISTA RIO PRETO-JACUNDÁ
2014,0.10458502103418457,RESERVA EXTRATIVISTA CASTANHEIRA
2014,0.24367213979264718,RESERVA EXTRATIVISTA DO RIO JUTAÍ
2014,0.2797802100932764,RESERVA EXTRATIVISTA DO MéDIO PURúS
2013,0,RESERVA EXTRATIVISTA MARACANÃ
2013,0.21020123002377344,PARQUE NACIONAL DO PICO DA NEBLINA
2013,1.1034980761638225,RESERVA EXTRATIVISTA RIO CAJARI
2013,0.22110756858792038,PARQUE ESTADUAL DE GUAJARÁ-MIRIM
2013,10.51828103111776,RESERVA EXTRATIVISTA CHICO MENDES
2013,0.06605374092810307,FLORESTA NACIONAL DE CAXIUANÃ
2013,0.6939499128010812,RESERVA EXTRATIVISTA TAPAJÓS ARAPIUNS
2013,0.2349311557236351,RESERVA DE DESENVOLVIMENTO SUSTENTÁVEL UACARÍ
2013,1.0355849129615815,ÁREA DE PROTEçãO AMBIENTAL DAS REENTRâNCIAS MARANHENSES
2013,0.0798524421279643,ÁREA DE PROTEÇÃO AMBIENTAL MUNICIPAL DO ARICÁ-AÇU
2013,0.41963974725084774,RESERVA EXTRATIVISTA DO RIO GREGÓRIO
2013,0.07537533510677778,RESERVA EXTRATIVISTA MATA GRANDE
2013,0.3303976955174651,RESERVA EXTRATIVISTA RIO PACAÁS NOVOS
2013,0.3264286216980286,RESERVA EXTRATIVISTA MAPUÁ
2013,0.11189665442709282,RESERVA EXTRATIVISTA RIO IRIRI
2013,0.18606837354226582,PARQUE ESTADUAL SERRA DOS REIS
2013,0.9894627556882,PARQUE NACIONAL DA SERRA DA CUTIA
2013,0.9277013572501557,RESERVA EXTRATIVISTA DO MéDIO PURúS
2013,5.899016591987226,PARQUE NACIONAL DO ARAGUAIA
2013,0.07659139570692561,FLORESTA ESTADUAL DO TROMBETAS
2013,0.18987236987758427,RESERVA BIOLÓGICA DO ABUFARI
2013,0.07762616505812298,RESERVA EXTRATIVISTA ALTO TARAUACÁ
2013,0.5268678740750111,RESERVA DE DESENVOLVIMENTO SUSTENTAVEL DO RIO MADEIRA
2013,0.7550496308013791,RESERVA DE DESENVOLVIMENTO SUSTENTÁVEL DO RIO NEGRO
2013,0.9426781126952299,FLORESTA NACIONAL DO AMANÁ
2013,0.7569329151078651,RESERVA EXTRATIVISTA GUARIBA-ROOSEVELT
2013,11.866771953136398,ÁREA DE PROTEÇÃO AMBIENTAL DO LAGO DE TUCURUI
2013,11.653311375034125,ÁREA DE PROTEçãO AMBIENTAL DA BAIXADA MARANHENSE
2013,0.057894746559810625,RESERVA BIOLÓGICA MORRO DOS SEIS LAGOS
2013,0.6699049015036698,FLORESTA NACIONAL DO ARIPUANÃ
2013,0.26762279818285,ÁREA DE RELEVANTE INTERESSE ECOLÓGICA SERINGAL NOVA ESPERANÇA
2013,2.4369584749502002,RESERVA EXTRATIVISTA VERDE PARA SEMPRE
2013,0.5532411585936312,ESTAÇÃO ECOLÓGICA DA TERRA DO MEIO
2013,1.9248882804624945,PARQUE NACIONAL DOS CAMPOS AMAZÔNICOS
2013,0.6270523856268642,RESERVA EXTRATIVISTA RIOZINHO DA LIBERDADE
2013,0.10970477636798724,RESERVA BIOLÓGICA DO GUAPORÉ
2013,0.10631727244028755,ÁREA DE PROTEÇÃO AMBIENTAL DO IGARAPÉ GELADO
2013,3.29829244000872,FLORESTA NACIONAL DE SARACÁ-TAQUERA
2013,0.018811456491547026,RESERVA EXTRATIVISTA DA BAíA DO TUBARãO
2013,0.35565223449986916,FLORESTA NACIONAL DE ITAITUBA I
2013,1.493444665142984,RESERVA EXTRATIVISTA ANGELIM
2013,0.21507503675794415,FLORESTA NACIONAL DE PURUS
2013,0.3585701535871325,FLORESTA ESTADUAL DE RENDIMENTO SUSTENTADO PERIQUITO
2013,0.20190634056947987,FLORESTA ESTADUAL DE TAPAUÁ
2013,0.04250596795153912,RESERVA EXTRATIVISTA MAE GRANDE DE CURUÇA
2013,0.22314324683914682,FLORESTA ESTADUAL DE RENDIMENTO SUSTENTADO GAVIÃO
2013,32.79511172319344,ÁREA DE PROTEÇÃO AMBIENTAL ILHA DO BANANAL/CANTÃO
2013,0.12440189406495913,RESERVA EXTRATIVISTA MARINHA CUINARANA
2013,0.5196756141981345,ÁREA DE PROTEÇÃO AMBIENTAL DE ALTER DO CHÃO
2013,84.02454479913717,ÁREA DE PROTEÇÃO AMBIENTAL TRIUNFO DO XINGU
2013,0.10046173966024924,RESERVA EXTRATIVISTA BAIXO JURUÁ
2013,0.0712499046463434,RESERVA DE DESENVOLVIMENTO SUSTENTáVEL CAMPO DAS MANGABAS
2013,1.8107197218063722,ÁREA DE PROTEÇÃO AMBIENTAL DE PRESIDENTE FIGUEIREDO - CAVERNA DO MOROAGA
2013,0.3589334800588337,PARQUE NACIONAL DO JURUENA
2013,0.1556648374743462,RESERVA EXTRATIVISTA MARINHA MESTRE LUCINDO
2013,0.6461406498476717,PARQUE NACIONAL DO RIO NOVO
2013,0.10333385444642697,RESERVA EXTRATIVISTA RIO XINGU
2013,0.30193167980295116,RESERVA BIOLÓGICA NASCENTES SERRA DO CACHIMBO
2013,0.016270955997899173,RESERVA BIOLÓGICA DO TAPIRAPÉ
2013,0.1614540874296948,ESTAÇÃO ECOLÓGICA DE CUNIÃ
2013,0.07643488795337594,RESERVA EXTRATIVISTA CATUÁ-IPIXUNA
2013,64.84344907559291,FLORESTA NACIONAL DO JAMANXIM
2013,1.7872289471282652,RESERVA EXTRATIVISTA DO CAZUMBÁ-IRACEMA
2013,0.21642433933612082,ESTAÇÃO ECOLÓGICA DE IQUÊ
2013,0.3009225338581975,FLORESTA NACIONAL DO TRAIRÃO
2013,0.3058800655194115,FLORESTA ESTADUAL MAÚES
2013,0.3091992592268486,FLORESTA NACIONAL DE ITACAIUNAS
2013,0.16053600533546508,RESERVA EXTRATIVISTA MÉDIO JURUÁ
2013,1.5123123479117762,RESERVA EXTRATIVISTA ALTO JURUÁ
2013,4.53495000866511,"FLORESTA ESTADUAL DE RENDIMENTO SUSTENTADO DO RIO MADEIRA ""B"""
2013,0.06764836428051661,RESERVA EXTRATIVISTA AUATÍ-PARANÁ
2013,1.7450630101117035,FLORESTA ESTADUAL DE RENDIMENTO SUSTENTADO ARARAS
2013,0.8491958054788983,FLORESTA ESTADUAL DO PARU
2013,0.8053734273162181,RESERVA DE DESENVOLVIMENTO SUSTENTÁVEL AMANÃ
2013,0.2841181182206177,AREA DE PROTEÇÃO AMBIENTAL TARUMA/PONTA NEGRA
2013,0.5713689104022297,RESERVA EXTRATIVISTA ARIÓCA PRUANÃ
2013,0.6161245205945471,RESERVA EXTRATIVISTA ITUXí
2013,0.5871007937575482,RESERVA DE DESENVOLVIMENTO SUSTENTÁVEL PIAGAÇU PURUS
2013,4.360292160818219,RESERVA EXTRATIVISTA  DO RIO CAUTÁRIO
2013,0.08671929483544222,RESERVA DE DESENVOLVIMENTO SUSTENTÁVEL PUCURUÍ - ARARÃO
2013,0.19755396119507235,FLORESTA NACIONAL DE CARAJÁS
2013,1.0308787963425095,RESERVA EXTRATIVISTA RIO CAUTÁRIO
2013,1.8809294801907686,FLORESTA NACIONAL DE RORAIMA
2013,1.1276404228995476,PARQUE NACIONAL DA AMAZÔNIA
2013,0.01763790879611764,RESERVA EXTRATIVISTA MOGNO
2013,0.9988082736218078,FLORESTA NACIONAL DE TAPIRAPÉ-AQUIRI
2013,1.3185273197592782,FLORESTA NACIONAL DO IQUIRI
2013,0.09082688353705778,RESERVA EXTRATIVISTA BAIXO RIO BRANCO JAUAPERI
2013,7.643243887966527,FLORESTA ESTADUAL DE RENDIMENTO SUSTENTADO MUTUM
2013,0.211476243563834,RESERVA DE DESENVOLVIMENTO SUSTENTÁVEL DO JUMA
2013,0.3052603522240964,ÁREA DE PROTEÇÃO AMBIENTAL MARGEM ESQUERDA DO RIO NEGRO-SETOR ATURIÁ-APUAUZINHO
2013,0,RESERVA EXTRATIVISTA PIQUIÁ
2013,0.21600336074260362,RESERVA EXTRATIVISTA DO RIO JUTAÍ
2013,0.19381176836808123,RESERVA EXTRATIVISTA DO RIO UNINI
2013,0.06469522844653552,FLORESTA NACIONAL DE URUPADI
2013,6.618616568724297,RESERVA BIOLÓGICA DO GURUPI
2013,0.02414399461442798,FLORESTA NACIONAL DE PAU-ROSA
2013,0.01494400064959119,FLORESTA NACIONAL DE MULATA
2013,0.6091607933114087,ÁREA DE PROTEÇÃO AMBIENTAL IGARAPÉ SÃO FRANCISCO
2013,3.0306627909446906,ÁREA DE PROTEÇÃO AMBIENTAL DO ARQUIPÉLAGO DO MARAJÓ
2013,0.07264106793075353,RESERVA EXTRATIVISTA MASSARANDUBA
2013,2.7521438880397566,PARQUE NACIONAL MAPINGUARI
2013,0.5833854846799427,RESERVA EXTRATIVISTA IPAÚ-ANILZINHO
2013,4.492247927614253,FLORESTA NACIONAL DE BOM FUTURO
2013,0.6752527168921926,PARQUE ESTADUAL SERRA RICARDO FRANCO
2013,0.06782784676076545,PARQUE NACIONAL DO ACARI
2013,0.618833419124505,RESERVA EXTRATIVISTA TERRA GRANDE PRACUUBA
2013,4.176650780379385,FLORESTA NACIONAL DE ITAITUBA II
2013,2.2475890555936355,ÁREA DE PROTEÇÃO AMBIENTAL MARGEM DIREITA DO RIO NEGRO- SETOR PADUARI-SOLIMÕES
2013,0.09082688353705778,ÁREA DE PROTEÇÃO AMBIENTAL - BAIXO RIO BRANCO
2013,24.69770873355157,FLORESTA NACIONAL ALTAMIRA
2013,0.16902977974004277,RESERVA EXTRATIVISTA ARAPIXI
2013,0.12765657968070301,ÁREA DE PROTEÇÃO AMBIENTAL DAS CABECEIRAS DO RIO CUIABÁ
2013,0.31323260926233054,RESERVA DE DESENVOLVIMENTO SUSTENTÁVEL DO UATUMÃ
2013,5.183537908845966,PARQUE NACIONAL DO JAMANXIM
2013,0.7326759194632074,FLORESTA ESTADUAL DE RENDIMENTO SUSTENTADO TUCANO
2013,2.3230627003791056,RESERVA EXTRATIVISTA RENASCER
2013,0.1399281101385901,ÁREA DE PROTEÇÃO AMBIENTAL DE SÃO GERALDO DO ARAGUAIA
2013,0.4292456698393164,FLORESTA ESTADUAL DE FARO
2013,0.44202395200387185,PARQUE NACIONAL DO JAÚ
2013,4.565045471845774,FLORESTA ESTADUAL DO AMAPÁ
2013,53.65376365324591,RESERVA EXTRATIVISTA JACI-PARANÁ
2013,0.10490808885142532,PARQUE NACIONAL DO CABO ORANGE
2013,1.0482757771368674,FLORESTA ESTADUAL DE IRIRI
2013,0.5079570654503252,ÁREA DE PROTEÇÃO AMBIENTAL MARGEM ESQUERDA DO RIO NEGRO-SETOR TARUMÃ AÇU-TARUMÃ MIRIMA
2013,0.13277288148983726,FLORESTA ESTADUAL CANUTAMA
2013,0.563407464438541,FLORESTA NACIONAL DE TEFÉ
2013,0.12685226065286934,RESERVA BIOLÓGICA RIO OURO PRETO
2013,0.08131444442451,FLORESTA NACIONAL DO CREPORI
2013,4.276163702710346,RESERVA EXTRATIVISTA RIO OURO PRETO
2013,0.16003938605418927,FLORESTA NACIONAL DE TAPAJÓS
2013,0.7144421630486913,PARQUE NACIONAL DA SERRA DO DIVISOR
2013,0,ÁREA DE PROTEÇÃO AMBIENTAL MEANDROS DO ARAGUAIA
2013,1.325665290568089,RESERVA EXTRATIVISTA RIO PRETO-JACUNDÁ
2013,0.1574869055446972,FLORESTA NACIONAL DE BALATA-TUFARI
2013,32.28502392760202,ÁREA DE PROTEÇÃO AMBIENTAL DO TAPAJÓS
2013,0.8865541298346542,ÁREA DE PROTEÇÃO AMBIENTAL PAYTUNA